model,ROC-AUC,PR-AUC,Precision,Recall,Accuracy,Balanced Accuracy,Confusion Matrix,Classification Report
Logistic Regression,0.8997248828548801,0.42576123394157367,0.14508060033351863,0.7744807121661721,0.8386,0.8076584457032868,"[[8125 1538]
 [  76  261]]","              precision    recall  f1-score   support

           0       0.99      0.84      0.91      9663
           1       0.15      0.77      0.24       337

    accuracy                           0.84     10000
   macro avg       0.57      0.81      0.58     10000
weighted avg       0.96      0.84      0.89     10000
"
Random Forest,0.9832047723412534,0.6922818169869046,0.8053097345132744,0.27002967359050445,0.9732,0.633876473967973,"[[9641   22]
 [ 246   91]]","              precision    recall  f1-score   support

           0       0.98      1.00      0.99      9663
           1       0.81      0.27      0.40       337

    accuracy                           0.97     10000
   macro avg       0.89      0.63      0.70     10000
weighted avg       0.97      0.97      0.97     10000
"
XGBoost,0.9883533537176129,0.7681190802284308,0.6196868008948546,0.8219584569732937,0.977,0.9021827884576703,"[[9493  170]
 [  60  277]]","              precision    recall  f1-score   support

           0       0.99      0.98      0.99      9663
           1       0.62      0.82      0.71       337

    accuracy                           0.98     10000
   macro avg       0.81      0.90      0.85     10000
weighted avg       0.98      0.98      0.98     10000
"
